习近平强调五“结合” |
谱写新的时代华章 |
看图学习
星火成炬｜万物有灵 和谐共生
""
""
""
一图读懂｜公民生态环境行为规范十条
""
""
健康中国｜感染新冠病毒后会留下后遗症吗？专家解答来啦
""
""
""
""
河南一面粉厂贴通知“今年新麦一律拒收”，专家：小麦发芽降低品质
极目新闻
""
""
""
一线｜王健林压力又大了 证监会发问：三年半分红132亿，为何还要上市
腾讯新闻潜望
""
""
""
全乌1/4、基辅近半数防空洞不能用，泽连斯基：我们还有内部敌人
成都商报红星新闻
""
""
""
深网｜传光年之外获2.3亿美元融资 王慧文否认：额度、估值都不准确
腾讯新闻深网
""
""
""
36岁浙商二代陈蕾接棒千亿家族企业，丈夫在旗下上市公司任副总裁
钱江晚报
""
""
""
6000元一桌的婚宴7成是预制菜，调查：商家配货不超1500元
极目新闻
""
""
""
重庆一小区内路面塌陷沉降，曾有居民在后山排洪设施旁修建蓄水池养鱼
南方都市报
""
""
""
加方指责中国军舰“不专业”，媒体：解放军如果没行动，那才叫不专业
新民周刊
""
""
""
新加坡防长称“更担心东北亚而非南海”，特别提了日本
观察者网
""
""
""
一个211女生毁约放弃教师编，“编制里的人就像提线木偶一样不自在”
极昼story
""
""
""
美国助理国务卿来华访问，外媒：在为布林肯访华铺路
新民周刊
""
""
""
第一代“鸡娃”今年高考，他们真的会赢在起跑线上吗？
腾讯教育
""
""
""
网红“三千哥”PK喝酒后去世，团队合作带节奏，直播PK不少赚
海报新闻
""
""
""
河南4名村干部讲述麦收：去年卖价一块五今年九毛不到，割麦机在前开，播种机紧跟其后
九派新闻
""
""
""
网传欧阳夏丹离开央视后成为艺考老师？机构回应：没有入职，相当于合作授课
成都商报红星新闻
""
""
""
首次披露！除傅政华、刘新云、刘国强之外，“笑面虎”孙国相，也犯了这个错
政知见
""
""
""
广东汕头一快餐店煤气瓶闪爆致1死6伤 事发瞬间画面曝光
新京报我们视频
""
""
""
“三亚被宰记”视频疯传！官方通报：虾从相邻的筐跳入，不存在掉包
新闻坊
""
""
""
车圈高层余震不断！5位CEO被换，12名高管待业中
车东西
""
""
""
美军视角！我国海军苏州舰加速横切，逼迫美舰改道
观察者网独家视频
""
""
""
习近平强调五“结合” |
谱写新的时代华章 |
看图学习
星火成炬｜万物有灵 和谐共生
""
""
""
一图读懂｜公民生态环境行为规范十条
""
""
健康中国｜感染新冠病毒后会留下后遗症吗？专家解答来啦
""
""
""
""
河南一面粉厂贴通知“今年新麦一律拒收”，专家：小麦发芽降低品质
极目新闻
""
""
""
一线｜王健林压力又大了 证监会发问：三年半分红132亿，为何还要上市
腾讯新闻潜望
""
""
""
全乌1/4、基辅近半数防空洞不能用，泽连斯基：我们还有内部敌人
成都商报红星新闻
""
""
""
深网｜传光年之外获2.3亿美元融资 王慧文否认：额度、估值都不准确
腾讯新闻深网
""
""
""
36岁浙商二代陈蕾接棒千亿家族企业，丈夫在旗下上市公司任副总裁
钱江晚报
""
""
""
6000元一桌的婚宴7成是预制菜，调查：商家配货不超1500元
极目新闻
""
""
""
重庆一小区内路面塌陷沉降，曾有居民在后山排洪设施旁修建蓄水池养鱼
南方都市报
""
""
""
加方指责中国军舰“不专业”，媒体：解放军如果没行动，那才叫不专业
新民周刊
""
""
""
新加坡防长称“更担心东北亚而非南海”，特别提了日本
观察者网
""
""
""
一个211女生毁约放弃教师编，“编制里的人就像提线木偶一样不自在”
极昼story
""
""
""
美国助理国务卿来华访问，外媒：在为布林肯访华铺路
新民周刊
""
""
""
第一代“鸡娃”今年高考，他们真的会赢在起跑线上吗？
腾讯教育
""
""
""
网红“三千哥”PK喝酒后去世，团队合作带节奏，直播PK不少赚
海报新闻
""
""
""
河南4名村干部讲述麦收：去年卖价一块五今年九毛不到，割麦机在前开，播种机紧跟其后
九派新闻
""
""
""
网传欧阳夏丹离开央视后成为艺考老师？机构回应：没有入职，相当于合作授课
成都商报红星新闻
""
""
""
首次披露！除傅政华、刘新云、刘国强之外，“笑面虎”孙国相，也犯了这个错
政知见
""
""
""
广东汕头一快餐店煤气瓶闪爆致1死6伤 事发瞬间画面曝光
新京报我们视频
""
""
""
“三亚被宰记”视频疯传！官方通报：虾从相邻的筐跳入，不存在掉包
新闻坊
""
""
""
车圈高层余震不断！5位CEO被换，12名高管待业中
车东西
""
""
""
美军视角！我国海军苏州舰加速横切，逼迫美舰改道
观察者网独家视频
""
""
""
中国驻日大使：如日方执意对半导体合作设限，结果是双输，美国独赢
界面新闻
""
""
""
重庆一小区内道路塌陷沉降，两侧地基已暴露，物业层层疏散居民
九派新闻
""
""
""
江歌妈妈回应捐出全部赔偿69.6万：会给需要的孩子，其他人别打主意了
九派新闻
""
""
""
高三学生买蛋糕庆祝被纪律老师砸坏，学校：有规定不允许在校吃蛋糕
白鹿视频
""
""
""
60岁女超人，推特新任CEO提前到岗
超电实验室
""
""
""
三部委谈统一大市场建设：聚焦五大领域，集中开展专项治理
界面新闻
""
""
""
英伟达称黄仁勋已返回美国，此前被传本周访问中国大陆
经济观察报
""
""
""
实地探访深圳白芒村：城中村“统租”签约遇阻，业主签约率仅12.5％
第一财经
""
""
""
郑州交警实测一辆SUV盲区能藏下75个孩子，媒体：对此不要一笑而过
中工网
""
""
""
一粒止痛药杀死56万人，美国变“嗑药帝国”
环球人物杂志
""
""
""
A股复盘｜宁德时代突然闪崩，原因找到！日本股市大涨再创33年新高
中国基金报
""
""
""
美方指责中国军舰危险拦截险些导致撞船，外交部：美方滋事挑衅在先
环球网
""
""
""
小伙被拐24年后寻亲意外找到人贩子，检察院称已过时效警方不立案合法
上游新闻
""
""
""
北大女生包丽男友涉嫌虐待罪案将宣判 包丽母亲：他仍没有歉意，希望顶格处罚
红星深度
""
""
""
南宁拟优化停车收费：一类区域连续停放每日最高50元，半小时内免费
大河财立方
""
""
""
杭州汽车碰撞收费站起火致4死监控曝光：飞速碰撞后瞬间起火
新京报我们视频
""
""
""
如何看待当前地方财政运行态势
新华网
""
""
""
日均不到10单，多地对网约车按下“暂停键”
中国新闻周刊
""
""
""
国务院任免国家工作人员：任命刘健为新华通讯社副社长
界面新闻
""
""
""
湖南一村实施改厕工程后村民还要挑水冲厕，不能用的厕所也验收通过
央视网快看
""
""
""
习近平强调五“结合” |
谱写新的时代华章 |
看图学习
星火成炬｜万物有灵 和谐共生
""
""
""
一图读懂｜公民生态环境行为规范十条
""
""
健康中国｜感染新冠病毒后会留下后遗症吗？专家解答来啦
""
""
""
""
河南一面粉厂贴通知“今年新麦一律拒收”，专家：小麦发芽降低品质
极目新闻
""
""
""
一线｜王健林压力又大了 证监会发问：三年半分红132亿，为何还要上市
腾讯新闻潜望
""
""
""
全乌1/4、基辅近半数防空洞不能用，泽连斯基：我们还有内部敌人
成都商报红星新闻
""
""
""
深网｜传光年之外获2.3亿美元融资 王慧文否认：额度、估值都不准确
腾讯新闻深网
""
""
""
36岁浙商二代陈蕾接棒千亿家族企业，丈夫在旗下上市公司任副总裁
钱江晚报
""
""
""
6000元一桌的婚宴7成是预制菜，调查：商家配货不超1500元
极目新闻
""
""
""
重庆一小区内路面塌陷沉降，曾有居民在后山排洪设施旁修建蓄水池养鱼
南方都市报
""
""
""
加方指责中国军舰“不专业”，媒体：解放军如果没行动，那才叫不专业
新民周刊
""
""
""
新加坡防长称“更担心东北亚而非南海”，特别提了日本
观察者网
""
""
""
一个211女生毁约放弃教师编，“编制里的人就像提线木偶一样不自在”
极昼story
""
""
""
美国助理国务卿来华访问，外媒：在为布林肯访华铺路
新民周刊
""
""
""
第一代“鸡娃”今年高考，他们真的会赢在起跑线上吗？
腾讯教育
""
""
""
网红“三千哥”PK喝酒后去世，团队合作带节奏，直播PK不少赚
海报新闻
""
""
""
河南4名村干部讲述麦收：去年卖价一块五今年九毛不到，割麦机在前开，播种机紧跟其后
九派新闻
""
""
""
网传欧阳夏丹离开央视后成为艺考老师？机构回应：没有入职，相当于合作授课
成都商报红星新闻
""
""
""
首次披露！除傅政华、刘新云、刘国强之外，“笑面虎”孙国相，也犯了这个错
政知见
""
""
""
广东汕头一快餐店煤气瓶闪爆致1死6伤 事发瞬间画面曝光
新京报我们视频
""
""
""
“三亚被宰记”视频疯传！官方通报：虾从相邻的筐跳入，不存在掉包
新闻坊
""
""
""
车圈高层余震不断！5位CEO被换，12名高管待业中
车东西
""
""
""
美军视角！我国海军苏州舰加速横切，逼迫美舰改道
观察者网独家视频
""
""
""
中国驻日大使：如日方执意对半导体合作设限，结果是双输，美国独赢
界面新闻
""
""
""
重庆一小区内道路塌陷沉降，两侧地基已暴露，物业层层疏散居民
九派新闻
""
""
""
江歌妈妈回应捐出全部赔偿69.6万：会给需要的孩子，其他人别打主意了
九派新闻
""
""
""
高三学生买蛋糕庆祝被纪律老师砸坏，学校：有规定不允许在校吃蛋糕
白鹿视频
""
""
""
60岁女超人，推特新任CEO提前到岗
超电实验室
""
""
""
三部委谈统一大市场建设：聚焦五大领域，集中开展专项治理
界面新闻
""
""
""
英伟达称黄仁勋已返回美国，此前被传本周访问中国大陆
经济观察报
""
""
""
实地探访深圳白芒村：城中村“统租”签约遇阻，业主签约率仅12.5％
第一财经
""
""
""
郑州交警实测一辆SUV盲区能藏下75个孩子，媒体：对此不要一笑而过
中工网
""
""
""
一粒止痛药杀死56万人，美国变“嗑药帝国”
环球人物杂志
""
""
""
A股复盘｜宁德时代突然闪崩，原因找到！日本股市大涨再创33年新高
中国基金报
""
""
""
美方指责中国军舰危险拦截险些导致撞船，外交部：美方滋事挑衅在先
环球网
""
""
""
小伙被拐24年后寻亲意外找到人贩子，检察院称已过时效警方不立案合法
上游新闻
""
""
""
北大女生包丽男友涉嫌虐待罪案将宣判 包丽母亲：他仍没有歉意，希望顶格处罚
红星深度
""
""
""
南宁拟优化停车收费：一类区域连续停放每日最高50元，半小时内免费
大河财立方
""
""
""
杭州汽车碰撞收费站起火致4死监控曝光：飞速碰撞后瞬间起火
新京报我们视频
""
""
""
如何看待当前地方财政运行态势
新华网
""
""
""
日均不到10单，多地对网约车按下“暂停键”
中国新闻周刊
""
""
""
国务院任免国家工作人员：任命刘健为新华通讯社副社长
界面新闻
""
""
""
湖南一村实施改厕工程后村民还要挑水冲厕，不能用的厕所也验收通过
央视网快看
""
""
""
一高校食堂疑吃出老鼠头学校回应是鸭脖，校方曾因老鼠问题被联合执法
极目新闻
""
""
""
黑龙江牡丹江突现龙卷风 有网友拍到现场：如灰柱直通云天
海客见闻
""
""
""
网曝张杰演唱会有救护车运人进场费用1人500元，卫健局：未派出救护车
九派新闻
""
""
""
“越卖越多”，武汉二手房抛售承压
中国房地产报
""
""
""
坚决杜绝替考，山东教育厅：原则上高考期间高校学生不得请假离校
澎湃新闻
""
""
""
人还关着入选韩国国家队 孙准浩被克林斯曼征召遭调侃：看守所里热身
极目新闻
""
""
""
武汉市副市长王清华接受纪律审查和监察调查
界面新闻
""
""
""
连续阴雨冲击麦收，河南多地公布受损小麦收购方案
澎湃新闻
""
""
""
四川山体垮塌致19人遇难，业内人士：矿山附近建宿舍有隐患
潇湘晨报
""
""
""
教育部：指导地方开齐开足科学课程，将实验操作纳入中考
界面新闻
""
""
""
美一架民用飞机闯入禁飞区：被F-16拦截后坠毁，机上4人无人生还
青蜂侠
""
""
""
男子戴纸帽被指“披麻戴孝维权”遭拘留，法院认定警方违法责令重查
大风新闻
""
""
""
全球气温或再创新高：欧洲多国遇最热1月，南极海冰已达今年最低程度
南方人物周刊
""
""
""
压价、贬低、制造焦虑，为了卖房，我被中介“洗脑”了
每日人物
""
""
""
“香会”举办之际美助理国务卿访华 专家：美方是利益使然，而非善意
新民晚报
""
""
""
淄博张店区烧烤协会倡议暂停营业三天：为给高考生营造安静环境
九派新闻
""
""
""
又来了！白宫高官继续放风：期待在某个时候拜登能与中国领导人会晤
环球网
""
""
""
乌克兰反攻来了？俄国防部称乌军大规模进攻被挫败
中国新闻网
""
""
""
外媒爆料：“香会”期间约20国情报高官在新加坡会晤，包括中美
环球网
""
""
""
珠峰攀登者放弃登顶花1万美元救起濒死女子，获救者只愿承担4000美元
上游新闻
""
""
""
习近平强调五“结合” |
谱写新的时代华章 |
看图学习
星火成炬｜万物有灵 和谐共生
""
""
""
一图读懂｜公民生态环境行为规范十条
""
""
健康中国｜感染新冠病毒后会留下后遗症吗？专家解答来啦
""
""
""
""
河南一面粉厂贴通知“今年新麦一律拒收”，专家：小麦发芽降低品质
极目新闻
""
""
""
一线｜王健林压力又大了 证监会发问：三年半分红132亿，为何还要上市
腾讯新闻潜望
""
""
""
全乌1/4、基辅近半数防空洞不能用，泽连斯基：我们还有内部敌人
成都商报红星新闻
""
""
""
深网｜传光年之外获2.3亿美元融资 王慧文否认：额度、估值都不准确
腾讯新闻深网
""
""
""
36岁浙商二代陈蕾接棒千亿家族企业，丈夫在旗下上市公司任副总裁
钱江晚报
""
""
""
6000元一桌的婚宴7成是预制菜，调查：商家配货不超1500元
极目新闻
""
""
""
重庆一小区内路面塌陷沉降，曾有居民在后山排洪设施旁修建蓄水池养鱼
南方都市报
""
""
""
加方指责中国军舰“不专业”，媒体：解放军如果没行动，那才叫不专业
新民周刊
""
""
""
新加坡防长称“更担心东北亚而非南海”，特别提了日本
观察者网
""
""
""
一个211女生毁约放弃教师编，“编制里的人就像提线木偶一样不自在”
极昼story
""
""
""
美国助理国务卿来华访问，外媒：在为布林肯访华铺路
新民周刊
""
""
""
第一代“鸡娃”今年高考，他们真的会赢在起跑线上吗？
腾讯教育
""
""
""
网红“三千哥”PK喝酒后去世，团队合作带节奏，直播PK不少赚
海报新闻
""
""
""
河南4名村干部讲述麦收：去年卖价一块五今年九毛不到，割麦机在前开，播种机紧跟其后
九派新闻
""
""
""
网传欧阳夏丹离开央视后成为艺考老师？机构回应：没有入职，相当于合作授课
成都商报红星新闻
""
""
""
首次披露！除傅政华、刘新云、刘国强之外，“笑面虎”孙国相，也犯了这个错
政知见
""
""
""
广东汕头一快餐店煤气瓶闪爆致1死6伤 事发瞬间画面曝光
新京报我们视频
""
""
""
“三亚被宰记”视频疯传！官方通报：虾从相邻的筐跳入，不存在掉包
新闻坊
""
""
""
车圈高层余震不断！5位CEO被换，12名高管待业中
车东西
""
""
""
美军视角！我国海军苏州舰加速横切，逼迫美舰改道
观察者网独家视频
""
""
""
中国驻日大使：如日方执意对半导体合作设限，结果是双输，美国独赢
界面新闻
""
""
""
重庆一小区内道路塌陷沉降，两侧地基已暴露，物业层层疏散居民
九派新闻
""
""
""
江歌妈妈回应捐出全部赔偿69.6万：会给需要的孩子，其他人别打主意了
九派新闻
""
""
""
高三学生买蛋糕庆祝被纪律老师砸坏，学校：有规定不允许在校吃蛋糕
白鹿视频
""
""
""
60岁女超人，推特新任CEO提前到岗
超电实验室
""
""
""
三部委谈统一大市场建设：聚焦五大领域，集中开展专项治理
界面新闻
""
""
""
英伟达称黄仁勋已返回美国，此前被传本周访问中国大陆
经济观察报
""
""
""
实地探访深圳白芒村：城中村“统租”签约遇阻，业主签约率仅12.5％
第一财经
""
""
""
郑州交警实测一辆SUV盲区能藏下75个孩子，媒体：对此不要一笑而过
中工网
""
""
""
一粒止痛药杀死56万人，美国变“嗑药帝国”
环球人物杂志
""
""
""
A股复盘｜宁德时代突然闪崩，原因找到！日本股市大涨再创33年新高
中国基金报
""
""
""
美方指责中国军舰危险拦截险些导致撞船，外交部：美方滋事挑衅在先
习近平强调五“结合” |
谱写新的时代华章 |
看图学习
星火成炬｜万物有灵 和谐共生
""
""
""
一图读懂｜公民生态环境行为规范十条
""
""
健康中国｜感染新冠病毒后会留下后遗症吗？专家解答来啦
""
""
""
""
河南一面粉厂贴通知“今年新麦一律拒收”，专家：小麦发芽降低品质
一线｜王健林压力又大了 证监会发问：三年半分红132亿，为何还要上市
全乌1/4、基辅近半数防空洞不能用，泽连斯基：我们还有内部敌人
深网｜传光年之外获2.3亿美元融资 王慧文否认：额度、估值都不准确
36岁浙商二代陈蕾接棒千亿家族企业，丈夫在旗下上市公司任副总裁
6000元一桌的婚宴7成是预制菜，调查：商家配货不超1500元
重庆一小区内路面塌陷沉降，曾有居民在后山排洪设施旁修建蓄水池养鱼
加方指责中国军舰“不专业”，媒体：解放军如果没行动，那才叫不专业
新加坡防长称“更担心东北亚而非南海”，特别提了日本
一个211女生毁约放弃教师编，“编制里的人就像提线木偶一样不自在”
美国助理国务卿来华访问，外媒：在为布林肯访华铺路
第一代“鸡娃”今年高考，他们真的会赢在起跑线上吗？
网红“三千哥”PK喝酒后去世，团队合作带节奏，直播PK不少赚
河南4名村干部讲述麦收：去年卖价一块五今年九毛不到，割麦机在前开，播种机紧跟其后
网传欧阳夏丹离开央视后成为艺考老师？机构回应：没有入职，相当于合作授课
首次披露！除傅政华、刘新云、刘国强之外，“笑面虎”孙国相，也犯了这个错
广东汕头一快餐店煤气瓶闪爆致1死6伤 事发瞬间画面曝光
“三亚被宰记”视频疯传！官方通报：虾从相邻的筐跳入，不存在掉包
车圈高层余震不断！5位CEO被换，12名高管待业中
美军视角！我国海军苏州舰加速横切，逼迫美舰改道
习近平强调五“结合” |
谱写新的时代华章 |
看图学习
星火成炬｜万物有灵 和谐共生
""
""
""
一图读懂｜公民生态环境行为规范十条
""
""
健康中国｜感染新冠病毒后会留下后遗症吗？专家解答来啦
""
""
""
""
河南一面粉厂贴通知“今年新麦一律拒收”，专家：小麦发芽降低品质
一线｜王健林压力又大了 证监会发问：三年半分红132亿，为何还要上市
全乌1/4、基辅近半数防空洞不能用，泽连斯基：我们还有内部敌人
深网｜传光年之外获2.3亿美元融资 王慧文否认：额度、估值都不准确
36岁浙商二代陈蕾接棒千亿家族企业，丈夫在旗下上市公司任副总裁
6000元一桌的婚宴7成是预制菜，调查：商家配货不超1500元
重庆一小区内路面塌陷沉降，曾有居民在后山排洪设施旁修建蓄水池养鱼
加方指责中国军舰“不专业”，媒体：解放军如果没行动，那才叫不专业
新加坡防长称“更担心东北亚而非南海”，特别提了日本
一个211女生毁约放弃教师编，“编制里的人就像提线木偶一样不自在”
美国助理国务卿来华访问，外媒：在为布林肯访华铺路
第一代“鸡娃”今年高考，他们真的会赢在起跑线上吗？
网红“三千哥”PK喝酒后去世，团队合作带节奏，直播PK不少赚
河南4名村干部讲述麦收：去年卖价一块五今年九毛不到，割麦机在前开，播种机紧跟其后
网传欧阳夏丹离开央视后成为艺考老师？机构回应：没有入职，相当于合作授课
首次披露！除傅政华、刘新云、刘国强之外，“笑面虎”孙国相，也犯了这个错
广东汕头一快餐店煤气瓶闪爆致1死6伤 事发瞬间画面曝光
“三亚被宰记”视频疯传！官方通报：虾从相邻的筐跳入，不存在掉包
车圈高层余震不断！5位CEO被换，12名高管待业中
美军视角！我国海军苏州舰加速横切，逼迫美舰改道
中国驻日大使：如日方执意对半导体合作设限，结果是双输，美国独赢
重庆一小区内道路塌陷沉降，两侧地基已暴露，物业层层疏散居民
江歌妈妈回应捐出全部赔偿69.6万：会给需要的孩子，其他人别打主意了
高三学生买蛋糕庆祝被纪律老师砸坏，学校：有规定不允许在校吃蛋糕
60岁女超人，推特新任CEO提前到岗
三部委谈统一大市场建设：聚焦五大领域，集中开展专项治理
英伟达称黄仁勋已返回美国，此前被传本周访问中国大陆
实地探访深圳白芒村：城中村“统租”签约遇阻，业主签约率仅12.5％
郑州交警实测一辆SUV盲区能藏下75个孩子，媒体：对此不要一笑而过
一粒止痛药杀死56万人，美国变“嗑药帝国”
A股复盘｜宁德时代突然闪崩，原因找到！日本股市大涨再创33年新高
美方指责中国军舰危险拦截险些导致撞船，外交部：美方滋事挑衅在先
小伙被拐24年后寻亲意外找到人贩子，检察院称已过时效警方不立案合法
北大女生包丽男友涉嫌虐待罪案将宣判 包丽母亲：他仍没有歉意，希望顶格处罚
南宁拟优化停车收费：一类区域连续停放每日最高50元，半小时内免费
杭州汽车碰撞收费站起火致4死监控曝光：飞速碰撞后瞬间起火
如何看待当前地方财政运行态势
日均不到10单，多地对网约车按下“暂停键”
国务院任免国家工作人员：任命刘健为新华通讯社副社长
湖南一村实施改厕工程后村民还要挑水冲厕，不能用的厕所也验收通过
习近平强调五“结合” |
谱写新的时代华章 |
看图学习
星火成炬｜万物有灵 和谐共生
""
""
""
一图读懂｜公民生态环境行为规范十条
""
""
健康中国｜感染新冠病毒后会留下后遗症吗？专家解答来啦
""
""
""
""
河南一面粉厂贴通知“今年新麦一律拒收”，专家：小麦发芽降低品质
一线｜王健林压力又大了 证监会发问：三年半分红132亿，为何还要上市
全乌1/4、基辅近半数防空洞不能用，泽连斯基：我们还有内部敌人
深网｜传光年之外获2.3亿美元融资 王慧文否认：额度、估值都不准确
36岁浙商二代陈蕾接棒千亿家族企业，丈夫在旗下上市公司任副总裁
6000元一桌的婚宴7成是预制菜，调查：商家配货不超1500元
重庆一小区内路面塌陷沉降，曾有居民在后山排洪设施旁修建蓄水池养鱼
加方指责中国军舰“不专业”，媒体：解放军如果没行动，那才叫不专业
新加坡防长称“更担心东北亚而非南海”，特别提了日本
一个211女生毁约放弃教师编，“编制里的人就像提线木偶一样不自在”
美国助理国务卿来华访问，外媒：在为布林肯访华铺路
第一代“鸡娃”今年高考，他们真的会赢在起跑线上吗？
网红“三千哥”PK喝酒后去世，团队合作带节奏，直播PK不少赚
河南4名村干部讲述麦收：去年卖价一块五今年九毛不到，割麦机在前开，播种机紧跟其后
网传欧阳夏丹离开央视后成为艺考老师？机构回应：没有入职，相当于合作授课
首次披露！除傅政华、刘新云、刘国强之外，“笑面虎”孙国相，也犯了这个错
广东汕头一快餐店煤气瓶闪爆致1死6伤 事发瞬间画面曝光
“三亚被宰记”视频疯传！官方通报：虾从相邻的筐跳入，不存在掉包
车圈高层余震不断！5位CEO被换，12名高管待业中
美军视角！我国海军苏州舰加速横切，逼迫美舰改道
中国驻日大使：如日方执意对半导体合作设限，结果是双输，美国独赢
重庆一小区内道路塌陷沉降，两侧地基已暴露，物业层层疏散居民
江歌妈妈回应捐出全部赔偿69.6万：会给需要的孩子，其他人别打主意了
高三学生买蛋糕庆祝被纪律老师砸坏，学校：有规定不允许在校吃蛋糕
60岁女超人，推特新任CEO提前到岗
三部委谈统一大市场建设：聚焦五大领域，集中开展专项治理
英伟达称黄仁勋已返回美国，此前被传本周访问中国大陆
实地探访深圳白芒村：城中村“统租”签约遇阻，业主签约率仅12.5％
郑州交警实测一辆SUV盲区能藏下75个孩子，媒体：对此不要一笑而过
一粒止痛药杀死56万人，美国变“嗑药帝国”
A股复盘｜宁德时代突然闪崩，原因找到！日本股市大涨再创33年新高
美方指责中国军舰危险拦截险些导致撞船，外交部：美方滋事挑衅在先
小伙被拐24年后寻亲意外找到人贩子，检察院称已过时效警方不立案合法
北大女生包丽男友涉嫌虐待罪案将宣判 包丽母亲：他仍没有歉意，希望顶格处罚
南宁拟优化停车收费：一类区域连续停放每日最高50元，半小时内免费
杭州汽车碰撞收费站起火致4死监控曝光：飞速碰撞后瞬间起火
如何看待当前地方财政运行态势
日均不到10单，多地对网约车按下“暂停键”
国务院任免国家工作人员：任命刘健为新华通讯社副社长
湖南一村实施改厕工程后村民还要挑水冲厕，不能用的厕所也验收通过
一高校食堂疑吃出老鼠头学校回应是鸭脖，校方曾因老鼠问题被联合执法
黑龙江牡丹江突现龙卷风 有网友拍到现场：如灰柱直通云天
网曝张杰演唱会有救护车运人进场费用1人500元，卫健局：未派出救护车
“越卖越多”，武汉二手房抛售承压
坚决杜绝替考，山东教育厅：原则上高考期间高校学生不得请假离校
人还关着入选韩国国家队 孙准浩被克林斯曼征召遭调侃：看守所里热身
武汉市副市长王清华接受纪律审查和监察调查
连续阴雨冲击麦收，河南多地公布受损小麦收购方案
四川山体垮塌致19人遇难，业内人士：矿山附近建宿舍有隐患
教育部：指导地方开齐开足科学课程，将实验操作纳入中考
美一架民用飞机闯入禁飞区：被F-16拦截后坠毁，机上4人无人生还
男子戴纸帽被指“披麻戴孝维权”遭拘留，法院认定警方违法责令重查
全球气温或再创新高：欧洲多国遇最热1月，南极海冰已达今年最低程度
压价、贬低、制造焦虑，为了卖房，我被中介“洗脑”了
“香会”举办之际美助理国务卿访华 专家：美方是利益使然，而非善意
淄博张店区烧烤协会倡议暂停营业三天：为给高考生营造安静环境
又来了！白宫高官继续放风：期待在某个时候拜登能与中国领导人会晤
乌克兰反攻来了？俄国防部称乌军大规模进攻被挫败
外媒爆料：“香会”期间约20国情报高官在新加坡会晤，包括中美
珠峰攀登者放弃登顶花1万美元救起濒死女子，获救者只愿承担4000美元
